user_id,ticket_date,category,resolution_time_hours,satisfaction_score
6,2025-12-28,FeatureRequest,6.13,3
6,2025-12-25,FeatureRequest,57.15,1
6,2025-12-29,Billing,34.59,1
14,2026-04-24,Account,2.0,5
15,2026-03-14,Account,4.81,2
15,2026-03-06,Technical,17.17,3
17,2026-03-23,Billing,1.1,5
17,2026-03-29,Billing,3.52,4
22,2026-02-07,Technical,6.68,5
22,2025-12-11,Technical,9.71,4
24,2025-10-28,Billing,9.2,4
24,2025-11-11,Billing,8.79,4
25,2026-06-17,Technical,27.54,4
25,2026-05-13,Billing,13.43,1
27,2026-05-02,FeatureRequest,26.59,2
27,2026-05-14,FeatureRequest,11.23,5
28,2025-10-17,Billing,44.79,1
28,2025-10-16,Billing,34.09,3
28,2025-10-13,FeatureRequest,49.18,1
34,2026-03-16,Billing,12.19,4
34,2026-03-11,Account,8.3,3
34,2026-03-19,Technical,26.54,5
34,2026-02-21,Technical,12.21,4
37,2026-06-13,Billing,4.84,4
38,2025-10-16,Account,5.37,4
38,2025-08-20,Billing,7.81,5
40,2026-04-10,Technical,6.81,5
40,2026-04-11,FeatureRequest,4.73,5
50,2026-01-09,Billing,35.41,3
50,2026-01-09,Billing,9.92,1
53,2025-11-21,FeatureRequest,60.3,3
53,2025-11-16,Account,15.58,1
53,2025-11-09,FeatureRequest,38.72,1
53,2025-10-29,Billing,56.96,1
67,2025-08-12,Billing,32.65,2
67,2025-08-16,Billing,67.37,1
67,2025-08-01,Billing,11.92,5
71,2025-09-09,Billing,53.32,2
71,2025-09-10,Account,10.73,3
72,2026-06-25,Account,33.28,2
74,2025-10-17,Account,0.87,5
74,2026-01-26,FeatureRequest,3.77,5
82,2026-06-16,Technical,32.83,1
85,2026-04-19,FeatureRequest,8.86,3
85,2026-05-09,Technical,16.09,3
89,2026-05-13,Account,2.31,5
89,2026-05-18,Technical,0.72,3
89,2026-05-19,FeatureRequest,28.74,1
89,2026-05-18,Account,36.06,1
90,2026-02-06,Technical,24.64,4
90,2026-02-04,Billing,21.63,3
90,2026-02-02,FeatureRequest,22.46,3
98,2025-12-24,Billing,42.24,1
98,2025-12-20,Billing,34.27,4
98,2025-11-22,Technical,11.88,1
108,2026-01-31,Billing,37.79,3
108,2026-01-18,Technical,26.97,2
109,2026-02-06,Technical,3.94,4
109,2025-12-20,Account,14.05,4
109,2025-12-27,Billing,27.4,4
109,2025-12-17,FeatureRequest,25.54,2
112,2025-12-19,Account,6.24,4
112,2025-12-10,FeatureRequest,7.11,3
112,2025-12-12,Technical,37.02,1
113,2026-04-29,Technical,2.36,3
113,2026-04-27,FeatureRequest,38.31,2
113,2026-05-24,Technical,29.15,3
114,2026-02-20,Technical,24.41,3
114,2026-03-01,Billing,70.98,3
114,2026-02-26,Technical,56.23,1
119,2026-03-22,Technical,1.19,5
125,2025-11-01,FeatureRequest,3.74,3
130,2025-10-01,FeatureRequest,30.3,2
130,2025-09-26,Account,7.78,3
130,2025-09-25,Account,30.72,2
130,2025-11-30,Account,33.43,2
135,2025-11-21,Account,24.88,2
141,2025-11-17,Billing,53.9,1
141,2025-11-28,FeatureRequest,6.96,3
143,2025-08-04,Billing,3.3,4
143,2025-09-03,Account,64.58,1
144,2025-10-27,Account,5.25,4
144,2025-11-05,Account,32.93,3
144,2025-11-01,Billing,38.88,2
144,2025-11-11,Billing,38.94,1
147,2026-03-21,Billing,34.14,1
147,2026-02-10,Technical,29.6,3
150,2025-12-18,Billing,1.1,5
150,2025-10-15,Technical,8.22,4
152,2025-10-15,Technical,57.28,1
152,2025-10-20,Billing,29.83,2
155,2026-01-15,Account,65.22,3
155,2025-11-23,Account,51.28,2
157,2026-04-10,Billing,34.65,4
157,2026-05-19,Account,37.54,1
157,2026-05-07,Billing,13.16,2
157,2026-05-24,Billing,66.65,2
160,2025-11-29,Account,35.66,1
160,2025-12-18,Technical,15.5,2
160,2025-12-13,Account,5.5,1
163,2026-06-11,Billing,3.34,4
163,2026-03-08,Technical,3.13,5
165,2025-11-26,Account,4.97,5
170,2026-03-03,Technical,2.96,4
170,2025-10-12,Billing,4.36,5
172,2026-02-14,Account,27.43,3
172,2026-02-10,Technical,35.04,1
172,2026-02-01,Account,10.42,4
176,2026-01-04,Billing,64.78,1
176,2026-02-03,Billing,35.72,4
177,2025-11-28,Technical,34.5,1
177,2025-11-22,Technical,4.8,4
177,2025-12-02,Technical,9.16,5
177,2025-12-13,Billing,6.2,4
178,2025-07-17,Account,49.97,2
178,2025-07-21,Billing,66.52,1
178,2025-07-14,Account,9.59,3
184,2026-03-18,Technical,8.94,4
185,2026-04-09,Technical,5.62,4
185,2026-04-09,FeatureRequest,7.61,5
186,2025-10-02,Billing,6.44,4
186,2025-10-11,Technical,67.81,1
186,2025-09-06,Billing,11.23,3
186,2025-10-20,Technical,28.35,2
188,2026-04-20,Billing,7.55,4
188,2026-05-06,Technical,49.23,2
188,2026-04-20,FeatureRequest,27.13,1
190,2026-04-25,FeatureRequest,2.0,4
190,2026-03-03,FeatureRequest,6.06,5
197,2026-04-19,Billing,9.62,4
197,2026-04-29,Account,26.2,4
197,2026-05-23,FeatureRequest,55.64,1
198,2026-05-27,FeatureRequest,17.21,1
207,2026-04-16,Account,30.0,1
207,2026-04-19,FeatureRequest,65.86,2
207,2026-04-17,Account,15.66,1
207,2026-04-26,FeatureRequest,2.82,5
208,2025-11-24,Account,21.14,2
208,2025-11-25,Billing,16.28,4
208,2025-11-19,Billing,6.0,3
208,2025-11-24,Technical,15.2,4
210,2025-08-16,Billing,7.29,5
210,2025-08-19,Technical,8.23,4
210,2025-08-21,Technical,9.49,5
210,2025-07-16,Billing,9.1,4
213,2026-06-09,FeatureRequest,3.7,4
213,2026-06-06,FeatureRequest,4.48,4
224,2025-11-14,Billing,5.77,5
224,2025-10-26,Technical,22.53,3
224,2025-10-28,Billing,4.75,3
224,2025-10-23,Account,5.06,2
225,2025-09-25,FeatureRequest,56.78,1
225,2025-09-18,Billing,1.2,4
225,2025-09-17,Account,7.35,5
225,2025-09-21,FeatureRequest,67.92,1
227,2026-06-17,Technical,15.69,4
234,2025-12-09,Billing,31.35,2
238,2025-10-03,Account,50.15,2
238,2025-10-12,Technical,4.27,3
238,2025-09-19,Billing,23.63,3
238,2025-10-27,FeatureRequest,33.54,1
243,2025-10-22,FeatureRequest,14.18,1
245,2025-10-24,Billing,31.75,2
245,2025-10-22,Technical,39.46,3
245,2025-10-03,Technical,5.59,2
247,2025-12-06,Account,12.4,1
247,2025-12-19,FeatureRequest,55.33,1
247,2025-12-28,Technical,63.21,1
248,2026-06-09,Billing,16.32,4
250,2025-11-28,Account,6.48,5
250,2025-11-15,Billing,9.4,5
255,2025-08-29,Technical,37.17,1
255,2025-08-22,Technical,2.78,4
255,2025-08-20,Billing,8.52,4
260,2026-04-09,FeatureRequest,27.02,1
260,2026-04-16,Account,5.79,1
265,2025-09-29,FeatureRequest,50.01,3
265,2025-09-08,Account,65.87,2
265,2025-09-22,Billing,4.13,5
267,2025-12-09,Billing,56.87,1
267,2025-12-10,Billing,70.29,1
270,2025-08-06,Technical,10.19,4
270,2025-08-04,Billing,25.01,5
270,2025-07-26,Billing,54.78,1
270,2025-08-01,FeatureRequest,59.57,1
271,2026-02-08,FeatureRequest,32.21,1
271,2026-04-08,FeatureRequest,34.13,1
273,2025-10-02,Billing,30.8,2
273,2025-09-19,Billing,43.59,2
273,2025-08-28,FeatureRequest,26.64,3
273,2025-09-21,FeatureRequest,53.99,1
275,2026-03-24,Account,57.62,1
275,2026-03-07,Technical,38.71,2
275,2026-02-16,Account,18.49,2
275,2026-04-09,Technical,24.14,2
282,2025-12-16,Billing,15.83,5
282,2026-03-15,Billing,19.61,3
290,2026-02-08,Account,9.96,3
295,2026-04-04,Technical,21.19,3
295,2025-10-24,FeatureRequest,17.73,4
299,2026-04-08,FeatureRequest,9.31,3
299,2026-02-26,Technical,4.39,4
304,2026-04-04,Billing,7.97,5
304,2025-12-25,Billing,8.43,4
305,2026-03-21,Billing,27.07,3
305,2026-04-18,FeatureRequest,42.91,1
305,2026-04-05,FeatureRequest,5.96,4
305,2026-04-09,Billing,0.61,4
306,2026-05-04,Technical,18.74,2
310,2025-09-12,Billing,71.33,1
310,2025-09-17,Technical,52.02,2
310,2025-09-12,Account,52.29,2
314,2026-03-02,Technical,10.24,2
314,2026-03-03,Billing,17.82,2
318,2026-05-07,Account,5.54,1
326,2025-12-30,Billing,66.5,2
326,2026-01-16,Account,70.31,1
326,2026-02-03,Technical,37.26,1
339,2025-10-28,Technical,35.63,1
339,2025-11-11,Account,63.12,1
339,2025-12-12,Account,3.89,4
341,2025-10-14,FeatureRequest,15.15,3
341,2025-10-04,FeatureRequest,56.2,2
341,2025-10-05,Account,62.38,3
341,2025-10-19,FeatureRequest,25.65,1
344,2026-05-08,FeatureRequest,1.51,4
348,2026-05-15,Technical,4.84,3
348,2026-04-27,Account,22.32,2
367,2026-06-07,Technical,10.18,2
367,2026-04-08,Billing,16.23,1
367,2026-04-28,Technical,28.98,1
369,2026-01-30,Technical,61.06,3
369,2026-01-23,Technical,49.04,2
378,2026-04-02,FeatureRequest,33.07,4
378,2026-05-15,Technical,16.53,3
380,2026-02-01,Technical,5.18,5
380,2026-02-04,Technical,6.48,5
380,2026-02-06,Billing,0.74,4
380,2026-02-22,Billing,5.1,5
386,2025-07-04,Technical,2.06,5
386,2025-08-05,Billing,1.62,5
386,2025-07-27,Technical,0.8,4
392,2026-02-18,FeatureRequest,3.84,3
395,2026-06-09,FeatureRequest,18.29,3
395,2026-03-13,Account,20.93,5
401,2025-08-15,FeatureRequest,51.25,1
401,2025-08-12,Billing,2.5,5
401,2025-08-13,Account,3.96,5
401,2025-08-11,Billing,7.01,5
402,2026-02-25,Account,1.97,4
403,2025-07-24,FeatureRequest,25.94,1
403,2025-07-19,FeatureRequest,41.8,1
403,2025-07-24,Billing,2.57,4
409,2025-12-17,Account,1.66,4
409,2025-12-17,Account,47.94,3
422,2026-04-22,Technical,8.04,5
429,2025-09-12,FeatureRequest,22.9,3
429,2025-10-04,Billing,26.59,2
429,2025-09-25,Technical,65.33,1
429,2025-09-18,Account,47.15,2
439,2025-12-03,Billing,42.12,2
439,2026-01-31,Technical,5.27,4
440,2025-12-15,Technical,24.89,2
440,2025-12-26,Billing,56.1,2
441,2026-05-30,FeatureRequest,23.47,3
441,2025-10-01,FeatureRequest,6.35,4
448,2026-03-08,Technical,68.49,2
448,2026-03-02,Technical,60.43,1
449,2026-06-17,Billing,3.06,4
449,2026-04-03,Account,8.16,5
462,2026-03-11,Billing,31.55,4
462,2025-12-28,Technical,22.69,3
470,2025-08-24,Billing,1.01,3
470,2025-08-30,Account,8.14,5
474,2025-11-18,FeatureRequest,3.92,4
474,2025-10-29,Account,12.42,4
474,2025-11-21,Billing,1.48,4
474,2025-10-31,Billing,24.41,2
476,2026-01-14,FeatureRequest,17.19,2
476,2025-12-23,Billing,6.69,1
476,2025-12-26,FeatureRequest,34.04,4
480,2026-06-09,Account,7.65,3
483,2026-02-27,Account,4.14,4
483,2026-02-25,Technical,38.33,1
483,2026-03-09,Billing,8.01,5
483,2026-02-17,Account,47.05,2
484,2025-09-24,Billing,40.58,3
484,2025-09-15,Account,33.51,2
484,2025-09-10,FeatureRequest,68.82,1
485,2025-08-11,Account,31.88,1
485,2025-09-18,Technical,66.67,2
488,2026-01-19,FeatureRequest,6.19,5
488,2026-01-14,Account,44.36,2
488,2026-01-02,Account,9.15,4
489,2026-01-22,Technical,5.29,4
489,2025-11-16,FeatureRequest,3.78,5
495,2026-04-24,Account,9.52,4
495,2026-05-29,FeatureRequest,7.8,3
496,2026-06-03,Account,4.04,4
496,2026-06-19,Account,5.27,5
498,2026-02-07,Billing,3.41,4
498,2026-02-09,Billing,6.35,5
498,2026-02-15,Technical,0.61,5
500,2026-05-20,Account,3.95,5
509,2025-08-28,Account,9.57,5
509,2025-08-26,Billing,37.73,1
509,2025-08-31,Account,2.39,4
509,2025-09-14,FeatureRequest,5.21,5
513,2026-06-13,Technical,12.83,5
519,2026-03-02,FeatureRequest,43.97,2
519,2026-03-24,FeatureRequest,51.92,1
519,2026-03-24,Billing,25.09,2
519,2026-02-11,Technical,4.49,5
525,2026-04-26,Technical,7.01,4
530,2025-09-13,FeatureRequest,32.26,2
530,2025-08-19,Account,22.94,2
530,2025-08-07,Account,29.88,1
531,2025-11-01,Account,29.45,2
531,2025-10-08,Billing,60.59,1
531,2025-10-17,Billing,2.12,2
531,2025-10-25,FeatureRequest,47.86,2
533,2026-01-04,Account,71.36,1
533,2026-01-24,Billing,7.43,4
533,2026-01-26,FeatureRequest,7.5,5
535,2026-06-28,Technical,1.56,3
535,2026-06-18,Technical,4.29,5
544,2026-03-04,Billing,23.92,5
546,2026-05-26,Billing,7.35,4
548,2026-03-26,Billing,5.29,4
551,2026-05-06,Billing,9.5,4
553,2026-06-24,Account,8.61,4
553,2026-03-31,FeatureRequest,27.52,4
555,2025-11-29,Account,67.48,2
555,2025-11-30,Account,7.81,5
555,2025-11-28,FeatureRequest,4.62,4
555,2025-12-05,Billing,4.49,4
559,2026-04-12,Account,29.31,3
559,2026-05-14,Account,27.9,1
559,2026-05-15,FeatureRequest,68.68,1
560,2026-03-26,FeatureRequest,1.28,5
573,2025-12-20,Billing,3.97,4
573,2025-12-26,Technical,26.35,2
577,2026-03-24,Billing,1.68,4
577,2026-04-29,FeatureRequest,0.98,5
578,2026-02-26,FeatureRequest,6.01,4
578,2026-03-07,Technical,26.82,3
579,2025-09-17,Account,67.72,2
579,2025-09-13,Account,68.7,1
579,2025-09-25,Technical,26.69,3
580,2026-03-21,Billing,9.76,5
580,2026-04-09,Technical,23.71,4
580,2026-04-10,Billing,34.57,1
580,2026-03-04,Billing,24.2,1
585,2025-11-29,Billing,58.2,1
585,2025-12-29,Technical,4.51,5
585,2026-01-01,Billing,6.78,4
587,2026-01-13,Technical,7.98,4
587,2026-01-21,Billing,8.63,5
592,2026-06-05,Billing,9.58,4
594,2026-05-15,FeatureRequest,19.07,4
594,2026-06-14,Account,18.67,2
599,2026-02-04,FeatureRequest,39.86,2
599,2026-01-29,FeatureRequest,4.48,4
599,2026-02-18,FeatureRequest,2.29,4
603,2026-06-27,Technical,3.87,4
605,2025-12-25,Technical,32.49,3
605,2025-12-17,Technical,13.39,3
605,2025-12-16,Technical,42.0,3
607,2026-05-28,Technical,4.28,3
607,2026-05-20,Technical,7.6,5
607,2026-05-30,Technical,47.41,3
609,2026-03-31,Billing,8.71,4
609,2026-03-30,Account,58.84,1
609,2026-03-12,Account,54.22,1
610,2025-09-18,Account,62.9,1
610,2025-09-21,Technical,48.04,2
613,2026-03-08,Technical,44.96,1
613,2026-02-26,Billing,38.58,1
613,2026-02-21,Account,68.74,1
613,2026-03-11,Billing,71.69,1
616,2025-08-31,Billing,59.57,2
616,2025-09-10,Account,5.01,5
616,2025-09-12,Technical,9.91,4
616,2025-09-10,Billing,6.59,4
623,2025-08-02,FeatureRequest,9.57,5
623,2025-09-20,FeatureRequest,3.26,5
627,2025-10-17,Technical,1.65,4
627,2025-07-31,FeatureRequest,6.96,4
631,2026-06-19,FeatureRequest,6.04,1
631,2026-06-29,Technical,23.56,2
633,2026-03-16,Account,3.16,4
633,2026-05-25,Account,3.52,3
650,2026-02-03,FeatureRequest,29.92,4
650,2026-05-27,Technical,5.65,2
651,2025-12-24,FeatureRequest,9.54,4
651,2025-12-11,FeatureRequest,58.67,2
651,2025-12-16,Account,3.9,3
651,2025-12-16,Technical,0.92,4
656,2026-05-16,Account,18.49,4
660,2026-05-23,FeatureRequest,32.25,3
660,2026-05-22,Billing,8.12,2
663,2025-12-22,Billing,9.7,5
663,2026-01-31,Billing,5.55,4
665,2026-06-10,Billing,22.31,4
671,2026-05-04,Account,9.68,4
671,2026-05-06,Billing,17.32,4
671,2026-04-15,FeatureRequest,71.08,3
671,2026-04-02,FeatureRequest,53.2,3
676,2025-12-09,Account,22.43,3
676,2025-12-07,FeatureRequest,3.82,4
677,2026-03-24,Technical,46.33,1
677,2026-05-10,Billing,2.21,4
678,2025-10-16,Technical,32.3,4
678,2025-09-02,FeatureRequest,45.54,2
678,2025-09-17,Account,25.31,5
678,2025-10-12,Account,34.37,3
679,2025-12-02,FeatureRequest,0.73,4
679,2025-12-25,Billing,8.97,4
686,2026-03-16,Billing,5.17,5
686,2026-04-01,Billing,2.07,4
687,2025-09-08,Account,9.6,4
687,2026-03-10,Technical,19.23,3
690,2026-06-17,Billing,7.73,3
700,2025-09-19,Account,37.4,1
700,2025-08-28,FeatureRequest,8.54,4
701,2026-06-12,FeatureRequest,6.93,4
701,2026-06-02,Account,2.99,5
705,2026-01-08,Billing,30.56,2
705,2026-03-19,Billing,21.47,4
709,2025-08-20,Account,61.34,1
709,2025-07-25,FeatureRequest,44.16,1
710,2025-11-27,Technical,43.17,2
710,2025-12-04,Technical,13.06,5
710,2025-11-24,FeatureRequest,71.35,1
710,2025-12-09,Technical,36.54,3
712,2026-03-05,FeatureRequest,7.28,4
712,2026-01-08,FeatureRequest,3.07,4
719,2026-05-07,Billing,63.82,2
719,2026-05-05,Account,25.96,3
719,2026-04-24,Billing,28.76,1
719,2026-05-01,Account,48.43,2
720,2025-08-30,FeatureRequest,4.05,2
720,2025-09-23,Account,13.89,4
720,2025-10-01,Technical,40.87,1
720,2025-08-26,FeatureRequest,59.62,1
721,2026-02-08,FeatureRequest,4.03,4
721,2026-03-16,Billing,68.46,1
724,2026-04-12,Technical,4.77,3
724,2026-04-18,Technical,7.43,4
725,2025-08-27,Billing,4.29,5
727,2026-05-30,FeatureRequest,1.14,5
733,2026-03-17,Account,6.97,5
733,2026-02-20,FeatureRequest,4.4,3
733,2026-02-03,FeatureRequest,1.09,4
738,2025-12-02,FeatureRequest,8.95,3
739,2026-04-01,FeatureRequest,5.85,4
739,2026-04-12,Account,8.87,4
739,2026-04-03,Technical,5.64,4
742,2026-05-07,Account,23.3,2
742,2026-04-06,Billing,14.04,1
743,2025-12-19,Technical,5.15,5
743,2026-01-28,Technical,2.68,5
745,2025-08-13,FeatureRequest,14.41,2
749,2026-05-28,Account,48.78,1
749,2026-05-11,Technical,1.9,4
749,2026-04-09,Billing,1.17,5
750,2026-03-27,Account,15.96,2
753,2025-11-15,FeatureRequest,60.12,3
753,2025-11-13,Technical,63.85,3
753,2025-11-25,Technical,25.18,2
753,2025-12-06,Technical,10.29,3
766,2026-06-04,Technical,31.84,4
768,2025-09-13,Account,34.88,1
768,2025-09-15,Technical,2.77,1
768,2025-09-15,Account,23.04,2
773,2025-07-17,Technical,29.68,3
773,2025-07-20,Account,5.74,2
773,2025-07-15,FeatureRequest,14.7,3
774,2026-06-19,Account,6.11,5
774,2026-05-12,Account,6.31,4
783,2025-11-25,Technical,8.0,5
783,2025-12-12,Account,7.59,4
787,2026-05-22,Billing,9.23,4
790,2025-10-09,Billing,48.68,1
790,2025-10-24,FeatureRequest,2.61,4
790,2025-10-23,Technical,10.13,1
795,2025-10-04,Account,6.43,1
795,2025-10-02,FeatureRequest,66.91,1
797,2025-08-30,FeatureRequest,27.86,4
797,2025-09-13,Technical,22.73,3
797,2025-08-28,Account,30.52,1
798,2026-04-27,FeatureRequest,6.47,4
800,2025-10-07,Account,21.8,4
800,2025-09-25,Billing,20.19,2
800,2025-09-25,Account,48.3,1
800,2025-10-08,Account,27.54,3
803,2026-06-21,Technical,3.65,5
803,2025-12-01,Billing,8.93,4
804,2026-01-03,Account,32.84,1
804,2025-12-23,Account,34.4,3
804,2025-12-24,Billing,12.49,4
806,2025-12-03,Technical,63.53,3
806,2025-11-20,Account,8.14,5
815,2026-02-16,Billing,2.74,5
815,2026-04-28,Technical,8.72,5
827,2025-11-25,Technical,51.12,1
827,2025-12-01,Technical,49.48,2
827,2025-12-17,Account,1.91,4
827,2025-11-11,Account,40.59,1
829,2025-09-20,Technical,13.94,1
839,2026-06-25,Technical,24.72,3
840,2025-09-05,Billing,24.72,3
840,2025-09-07,FeatureRequest,67.93,1
840,2025-09-25,Billing,49.68,1
843,2025-08-03,FeatureRequest,52.13,2
843,2025-08-01,Account,34.38,1
843,2025-08-01,FeatureRequest,17.43,4
843,2025-08-10,Technical,39.96,1
844,2026-06-26,Account,3.28,3
844,2026-02-24,Technical,20.06,1
848,2025-12-25,Account,9.24,3
850,2025-10-07,FeatureRequest,8.48,5
850,2025-09-09,Account,32.5,3
850,2025-08-26,FeatureRequest,26.69,2
859,2025-08-27,FeatureRequest,36.9,2
859,2025-09-19,Account,8.43,5
859,2025-08-23,Billing,39.7,2
859,2025-09-05,FeatureRequest,35.81,1
862,2026-03-20,Billing,3.91,4
862,2026-03-16,Technical,71.32,2
862,2026-03-14,Account,3.48,5
867,2026-03-25,FeatureRequest,4.92,4
867,2026-04-07,Account,24.16,1
867,2026-03-28,Account,33.0,1
868,2026-06-30,FeatureRequest,3.77,5
878,2025-07-19,Billing,18.62,3
878,2025-07-17,FeatureRequest,28.79,2
878,2025-08-31,FeatureRequest,34.47,1
878,2025-08-24,FeatureRequest,4.49,1
883,2026-06-10,FeatureRequest,5.14,5
884,2025-07-30,FeatureRequest,34.4,4
884,2025-08-02,Technical,4.75,2
884,2025-08-06,FeatureRequest,60.34,1
891,2026-01-26,Technical,65.64,1
891,2026-02-01,Technical,35.4,1
891,2026-02-25,Account,35.31,1
891,2026-02-23,FeatureRequest,66.96,1
900,2025-12-06,FeatureRequest,0.96,5
904,2025-11-27,FeatureRequest,38.05,1
904,2025-12-04,Billing,23.77,4
904,2025-12-04,Technical,31.71,1
904,2025-12-14,Account,64.54,1
906,2026-03-26,Billing,20.75,2
912,2025-12-24,Account,9.77,5
913,2025-08-29,Technical,35.59,1
913,2025-08-18,FeatureRequest,39.13,1
927,2025-09-25,Billing,3.41,4
927,2026-03-29,FeatureRequest,3.04,4
930,2026-04-04,FeatureRequest,7.78,4
930,2026-04-11,Technical,5.96,4
930,2026-04-10,FeatureRequest,3.54,4
930,2026-03-21,Billing,44.27,3
932,2026-03-11,Technical,3.45,5
932,2026-03-08,Billing,30.81,3
932,2026-03-10,Account,9.12,5
933,2025-09-05,FeatureRequest,11.33,3
933,2025-09-07,Billing,8.76,3
933,2025-09-02,Account,44.28,1
937,2025-10-31,Billing,54.36,2
937,2025-10-29,Billing,44.53,1
937,2025-11-01,Technical,1.1,4
939,2026-03-08,Billing,58.93,2
939,2026-03-06,Account,9.35,4
939,2026-04-25,Technical,70.2,1
939,2026-03-30,Account,25.9,3
940,2026-06-14,Technical,36.82,1
940,2026-06-15,Account,30.5,3
940,2026-04-30,FeatureRequest,41.46,1
940,2026-06-14,Technical,55.78,2
942,2025-12-10,Account,38.17,1
942,2025-12-05,Technical,4.68,5
942,2025-11-06,Account,48.3,1
943,2026-05-26,Technical,24.35,4
943,2026-06-10,Billing,33.8,3
946,2026-03-16,FeatureRequest,2.71,5
946,2026-01-06,Billing,4.29,4
949,2026-02-20,Technical,4.42,4
949,2026-02-23,Billing,4.76,3
949,2026-02-25,FeatureRequest,9.21,3
949,2026-02-19,Technical,8.89,3
951,2026-02-24,Account,13.62,4
951,2026-03-14,Technical,10.6,5
958,2026-03-03,Technical,34.63,4
958,2026-04-11,FeatureRequest,5.13,4
973,2026-03-11,Technical,56.38,1
973,2026-03-31,FeatureRequest,2.81,5
973,2026-03-28,Technical,2.87,5
973,2026-03-10,FeatureRequest,4.1,3
974,2025-09-25,Account,25.1,3
974,2025-10-15,Billing,42.41,2
980,2026-04-26,Billing,21.48,2
980,2026-05-28,FeatureRequest,33.77,3
987,2026-01-03,FeatureRequest,28.83,3
988,2026-05-02,Account,7.33,3
988,2026-04-24,Account,4.47,4
988,2026-05-25,FeatureRequest,33.69,3
988,2026-06-24,FeatureRequest,57.16,2
989,2026-02-27,Billing,63.76,1
989,2026-02-27,Billing,35.65,4
996,2026-03-16,Technical,5.47,2
996,2026-02-28,FeatureRequest,28.69,1
996,2026-02-21,Technical,6.02,2
996,2026-02-01,Technical,18.04,3
997,2026-06-05,FeatureRequest,9.03,5
997,2026-06-25,Technical,14.1,3
998,2026-04-11,Account,47.78,1
998,2026-04-14,FeatureRequest,24.79,2
998,2026-04-15,Technical,46.76,1
998,2026-04-15,Technical,15.67,4
999,2026-04-18,Billing,46.36,3
999,2026-05-02,Account,61.47,1
1002,2025-12-03,Technical,32.26,1
1002,2025-12-02,FeatureRequest,18.26,4
1004,2025-11-27,Account,60.94,2
1004,2025-11-23,Billing,3.45,2
1016,2025-07-15,Account,8.69,4
1016,2025-07-15,Account,69.38,3
1016,2025-08-07,Technical,5.63,4
1016,2025-07-10,Account,1.25,5
1021,2025-08-25,Account,31.7,2
1021,2025-09-05,Billing,19.49,3
1022,2026-06-12,Technical,28.69,1
1029,2026-04-11,Account,6.0,4
1029,2026-02-15,Technical,5.38,5
1029,2026-02-09,Account,2.79,5
1030,2026-06-03,Technical,6.48,4
1030,2026-06-08,FeatureRequest,3.96,5
1031,2026-06-07,Technical,4.9,4
1031,2026-05-31,Account,49.76,2
1034,2026-03-28,FeatureRequest,28.44,3
1034,2026-04-01,Billing,38.33,1
1034,2026-03-23,Billing,34.87,1
1035,2026-02-13,FeatureRequest,6.77,5
1035,2026-02-06,Billing,40.06,2
1037,2026-04-08,Technical,48.5,2
1037,2026-04-16,Billing,41.35,1
1040,2026-01-10,Account,9.85,5
1041,2026-04-27,Account,3.11,5
1041,2026-05-03,Account,31.63,1
1041,2026-05-02,Billing,16.36,4
1044,2026-05-22,FeatureRequest,48.19,1
1044,2026-04-21,Technical,20.48,2
1044,2026-06-16,FeatureRequest,47.55,1
1044,2026-06-19,Technical,60.58,2
1047,2026-02-27,Account,34.28,4
1047,2025-08-08,FeatureRequest,7.13,3
1051,2026-04-04,Billing,45.59,3
1051,2026-03-31,Billing,51.82,1
1052,2026-04-15,Technical,5.16,4
1055,2026-04-11,Account,7.4,4
1056,2025-11-29,FeatureRequest,3.17,2
1056,2026-01-24,Technical,45.71,2
1056,2025-12-09,Account,68.06,1
1056,2025-12-14,Billing,5.93,2
1058,2026-04-08,Billing,32.59,3
1061,2026-04-15,Billing,17.11,2
1061,2026-06-14,Account,12.87,4
1063,2026-02-21,FeatureRequest,12.83,3
1063,2026-03-29,Account,15.83,3
1069,2026-04-12,Technical,7.43,2
1069,2026-04-29,FeatureRequest,51.38,1
1075,2026-04-23,Technical,6.12,4
1075,2026-04-30,FeatureRequest,9.21,4
1078,2026-04-25,Billing,3.55,5
1084,2026-03-26,Billing,12.11,4
1084,2026-02-17,FeatureRequest,3.65,5
1084,2026-01-27,Technical,13.54,4
1084,2026-02-08,Billing,35.35,5
1089,2025-10-01,Billing,53.52,1
1089,2025-11-03,Billing,16.17,3
1089,2025-10-11,Technical,61.98,1
1089,2025-11-28,FeatureRequest,52.54,1
1094,2026-02-21,Technical,64.51,1
1094,2026-02-26,Billing,42.46,2
1094,2026-02-21,Technical,27.54,2
1096,2026-02-20,Billing,6.34,5
1096,2026-01-24,Technical,39.08,2
1102,2026-05-26,FeatureRequest,70.28,1
1102,2026-05-29,Technical,14.82,3
1102,2026-06-20,Technical,51.57,2
1102,2026-06-01,FeatureRequest,56.21,1
1103,2026-04-21,Billing,60.38,2
1103,2026-04-21,Billing,61.72,2
1106,2026-03-22,Technical,56.93,1
1106,2026-03-18,Billing,38.53,1
1106,2026-04-01,FeatureRequest,45.22,1
1112,2025-09-01,Account,7.74,5
1112,2025-09-02,FeatureRequest,35.41,2
1112,2025-09-05,Account,9.65,5
1116,2026-05-19,Billing,23.68,5
1116,2026-05-12,Account,27.03,4
1120,2025-09-19,FeatureRequest,41.13,1
1120,2025-11-19,FeatureRequest,34.97,1
1120,2025-11-09,FeatureRequest,5.57,3
1120,2025-11-04,Technical,11.34,3
1122,2026-04-08,FeatureRequest,6.94,4
1123,2026-02-12,FeatureRequest,5.96,5
1123,2026-03-11,Technical,3.1,5
1123,2026-04-15,Account,5.95,5
1124,2026-03-05,Account,15.92,4
1124,2026-02-27,Account,67.67,3
1126,2026-04-18,FeatureRequest,71.59,1
1126,2026-04-25,Billing,46.24,1
1126,2026-04-18,FeatureRequest,14.73,5
1126,2026-04-24,FeatureRequest,7.56,4
1127,2026-05-16,Technical,7.42,5
1127,2026-06-13,Billing,8.46,4
1131,2026-01-09,Account,8.55,5
1139,2026-05-10,Technical,26.1,1
1139,2026-05-18,Billing,59.42,1
1139,2026-05-01,Billing,26.0,5
1141,2026-01-27,Billing,9.88,5
1141,2026-01-24,Account,7.83,5
1142,2026-05-29,Account,3.0,4
1142,2026-05-11,Technical,31.73,1
1142,2026-03-22,Billing,6.59,3
1142,2026-04-11,FeatureRequest,12.2,5
1145,2026-04-21,FeatureRequest,65.81,1
1145,2026-05-07,Billing,9.67,4
1145,2026-05-15,Technical,8.48,4
1145,2026-04-21,FeatureRequest,65.88,2
1149,2025-11-05,Account,27.68,3
1149,2025-11-05,Billing,58.98,1
1149,2025-11-14,Technical,8.14,2
1149,2025-11-18,Account,33.14,1
1150,2026-01-02,FeatureRequest,2.51,5
1150,2026-01-13,FeatureRequest,6.29,4
1153,2026-05-27,FeatureRequest,28.89,2
1154,2025-09-13,FeatureRequest,29.85,3
1154,2025-09-14,Account,28.71,2
1160,2025-12-22,Technical,2.78,5
1162,2025-11-15,FeatureRequest,64.54,2
1162,2025-11-11,Billing,35.17,4
1162,2025-11-11,Account,30.68,1
1165,2025-11-02,Billing,48.83,1
1165,2025-10-30,Billing,57.37,1
1165,2025-11-03,Account,10.83,4
1169,2026-04-19,Technical,50.86,1
1169,2026-04-23,Billing,67.44,1
1169,2026-04-13,FeatureRequest,33.67,1
1169,2026-05-12,Technical,65.82,1
1175,2025-11-05,Technical,32.19,1
1175,2025-10-25,Billing,27.11,4
1182,2026-01-07,FeatureRequest,63.29,1
1182,2025-11-13,Account,8.22,1
1185,2026-05-06,Billing,35.18,1
1185,2026-04-15,Technical,45.61,2
1185,2026-04-15,FeatureRequest,7.74,4
1186,2025-08-15,Billing,6.68,5
1186,2025-09-18,Billing,8.82,4
1186,2025-09-06,Technical,1.45,4
1188,2026-03-22,Technical,1.85,4
1188,2026-03-29,Billing,5.63,5
1188,2026-03-17,FeatureRequest,7.61,5
1188,2026-03-18,Billing,53.93,1
1189,2026-05-03,FeatureRequest,70.41,2
1189,2026-05-20,Account,70.17,1
1199,2025-12-20,Technical,53.37,3
1199,2026-02-19,Technical,45.99,2
1204,2025-09-03,Billing,6.58,4
1204,2025-09-05,Billing,43.33,2
1204,2025-08-31,FeatureRequest,45.38,1
1211,2026-04-01,Account,33.24,4
1211,2026-03-29,Account,45.25,1
1212,2025-09-17,Account,18.07,5
1212,2025-09-15,Billing,53.69,3
1212,2025-09-17,Technical,34.82,4
1214,2026-03-15,FeatureRequest,36.07,2
1214,2026-04-08,Account,14.27,2
1215,2026-05-08,FeatureRequest,52.61,1
1215,2026-05-04,Technical,42.98,1
1215,2026-05-15,Billing,64.28,1
1222,2025-11-02,Billing,45.65,1
1222,2025-11-14,FeatureRequest,10.81,1
1227,2026-01-19,Technical,29.32,4
1227,2026-01-22,Account,24.78,5
1227,2026-01-20,Billing,18.57,4
1227,2026-01-20,FeatureRequest,49.5,3
1229,2025-09-10,FeatureRequest,1.02,4
1230,2026-03-07,Billing,51.05,2
1230,2026-03-19,FeatureRequest,27.06,3
1231,2025-11-08,Account,7.89,4
1231,2026-01-03,FeatureRequest,9.48,4
1233,2025-12-30,Billing,13.31,5
1233,2025-12-27,Account,15.89,4
1233,2025-12-26,FeatureRequest,26.66,2
1233,2025-12-24,Account,52.49,2
1236,2026-05-25,Technical,7.75,3
1236,2026-05-12,Technical,6.22,5
1242,2025-12-06,Account,20.02,5
1242,2026-04-05,Account,26.89,2
1253,2025-11-05,Technical,3.6,5
1261,2026-05-17,Technical,16.04,2
1261,2026-05-19,FeatureRequest,21.42,2
1275,2026-03-15,FeatureRequest,8.77,4
1275,2026-05-28,Account,2.69,5
1277,2026-03-22,Technical,13.8,5
1277,2026-05-22,Billing,44.56,2
1296,2025-10-06,FeatureRequest,30.96,2
1296,2025-10-21,Account,53.52,1
1296,2025-09-23,FeatureRequest,21.16,1
1296,2025-09-08,Billing,9.67,4
1297,2026-02-21,Account,24.04,4
1297,2025-09-11,Account,1.66,3
1300,2026-02-01,Billing,31.95,1
1300,2026-01-22,Technical,24.7,2
1300,2026-02-01,FeatureRequest,63.23,1
1300,2026-01-15,Billing,29.82,3
1301,2025-08-21,FeatureRequest,4.44,4
1301,2025-07-24,Technical,30.53,2
1301,2025-08-18,Billing,58.17,2
1301,2025-08-14,Technical,62.47,1
1303,2026-04-04,Billing,24.46,3
1303,2026-03-21,Billing,29.3,4
1303,2026-05-25,Technical,7.07,3
1303,2026-05-22,Billing,26.27,1
1307,2026-03-23,Billing,25.37,4
1307,2026-03-23,Account,24.95,1
1307,2026-03-20,Account,21.02,4
1314,2026-05-29,Account,2.54,1
1314,2026-05-25,Billing,16.98,2
1314,2026-04-22,Technical,9.43,3
1315,2026-05-02,FeatureRequest,5.95,5
1315,2026-04-30,Technical,1.93,4
1316,2026-05-15,Technical,17.74,5
1316,2026-06-02,Technical,31.4,2
1316,2026-04-24,FeatureRequest,26.61,4
1320,2026-04-23,Technical,65.2,2
1320,2026-04-02,Account,47.68,1
1323,2025-12-23,FeatureRequest,8.58,3
1323,2026-02-06,Billing,4.57,4
1324,2025-09-17,Billing,52.21,1
1324,2025-10-09,Account,11.23,4
1324,2025-11-13,Billing,56.67,1
1330,2026-04-27,Billing,1.08,4
1330,2026-05-08,Technical,1.24,5
1335,2026-01-13,FeatureRequest,2.34,5
1335,2026-01-12,Technical,7.81,5
1335,2025-12-31,Technical,65.74,2
1340,2025-10-27,FeatureRequest,69.11,2
1340,2025-10-15,Billing,55.23,1
1342,2026-05-06,Billing,2.22,4
1342,2026-05-03,Account,48.8,2
1342,2026-05-09,FeatureRequest,60.36,1
1342,2026-04-21,FeatureRequest,33.41,3
1343,2025-08-13,FeatureRequest,2.79,5
1343,2025-09-19,Account,67.24,3
1343,2025-07-24,FeatureRequest,45.5,1
1343,2025-09-18,Technical,7.93,5
1346,2026-06-04,FeatureRequest,26.87,3
1348,2025-12-02,FeatureRequest,40.93,1
1348,2025-12-04,Technical,1.78,4
1348,2025-12-05,Technical,6.22,4
1352,2025-09-13,FeatureRequest,11.63,4
1352,2025-08-12,Account,1.02,3
1352,2025-08-31,Account,62.82,1
1352,2025-08-21,Billing,63.9,1
1354,2025-08-10,Billing,4.23,4
1354,2025-07-27,Billing,60.53,1
1357,2025-12-04,Billing,29.49,2
1357,2025-10-26,FeatureRequest,35.65,1
1359,2026-04-14,Technical,32.54,5
1359,2026-04-06,FeatureRequest,33.03,2
1359,2026-03-14,Billing,3.92,3
1365,2026-06-12,Account,4.63,5
1365,2026-05-29,Account,1.56,4
1366,2026-06-02,FeatureRequest,37.5,1
1366,2026-05-23,Technical,2.73,5
1369,2026-05-11,Technical,49.04,1
1369,2026-04-07,Account,33.15,3
1369,2026-04-26,FeatureRequest,69.02,3
1379,2026-03-20,FeatureRequest,55.76,2
1379,2026-01-27,Account,15.83,3
1379,2026-03-29,Technical,69.95,1
1379,2026-02-24,Billing,57.53,2
1381,2026-05-04,FeatureRequest,65.49,1
1381,2026-03-26,Account,52.1,3
1381,2026-03-29,Billing,38.91,2
1383,2026-04-01,FeatureRequest,32.12,1
1383,2026-01-28,FeatureRequest,40.2,3
1383,2026-02-18,Technical,3.56,5
1393,2025-12-05,Billing,1.76,5
1393,2025-11-14,FeatureRequest,9.08,3
1394,2025-09-11,Technical,40.76,1
1394,2025-09-01,FeatureRequest,6.18,5
1397,2025-09-26,FeatureRequest,19.43,4
1397,2025-10-17,Account,1.28,3
1397,2025-08-28,Billing,5.45,3
1397,2025-10-06,FeatureRequest,62.13,1
1405,2026-05-14,Account,30.94,4
1408,2025-10-30,Account,3.83,4
1408,2025-10-20,Billing,2.0,4
1410,2026-03-31,Billing,37.09,1
1410,2026-02-24,Technical,31.49,1
1410,2026-03-28,Billing,19.51,2
1426,2026-03-31,Account,5.41,4
1426,2026-06-12,Account,5.99,4
1429,2026-03-12,Billing,12.26,3
1432,2026-03-21,Billing,9.55,5
1432,2026-03-08,Account,43.07,1
1433,2026-03-17,Account,7.73,4
1433,2026-05-15,Account,8.06,5
1445,2026-06-15,Billing,37.32,1
1445,2026-05-15,FeatureRequest,43.71,3
1448,2025-11-15,Account,1.79,4
1448,2025-09-29,Billing,0.77,5
1448,2025-10-03,Account,3.3,4
1448,2025-10-11,Account,54.23,1
1458,2026-02-09,Technical,4.17,5
1458,2026-02-14,Technical,5.18,4
1472,2026-01-17,Technical,57.07,1
1472,2026-01-18,Billing,1.46,4
1472,2026-01-15,FeatureRequest,68.18,2
1472,2026-01-13,Technical,9.12,1
1476,2025-12-22,FeatureRequest,31.56,2
1476,2025-12-27,Account,1.64,4
1478,2025-12-27,Account,35.06,2
1478,2026-01-03,Technical,0.52,5
1478,2026-01-01,Billing,64.45,2
1478,2026-01-16,Billing,4.96,5
1480,2026-05-20,Account,3.76,4
1480,2026-05-30,FeatureRequest,2.03,5
1484,2025-12-28,FeatureRequest,32.38,2
1484,2026-01-06,FeatureRequest,40.24,2
1484,2026-01-05,Technical,63.2,1
1484,2025-12-22,Technical,5.04,3
1493,2026-04-21,FeatureRequest,10.0,4
1494,2026-04-03,Billing,34.25,2
1494,2026-02-05,Billing,42.04,1
1499,2025-07-17,FeatureRequest,9.66,5
1499,2026-02-22,FeatureRequest,8.23,4
1503,2025-11-19,Account,29.41,1
1503,2025-12-05,Account,62.71,1
1503,2025-12-10,Technical,45.39,2
1503,2025-11-18,Account,21.17,3
1506,2025-12-13,Billing,58.14,2
1506,2025-12-14,Account,24.02,1
1506,2025-12-13,Account,36.25,2
1507,2025-09-03,Technical,65.3,3
1507,2025-09-22,Technical,41.96,1
1507,2025-08-21,Technical,65.82,2
1507,2025-10-10,FeatureRequest,67.88,1
1509,2026-02-22,Technical,4.11,3
1509,2026-02-23,FeatureRequest,21.26,3
1509,2026-02-21,Account,5.44,3
1509,2026-02-16,Billing,24.93,2
1511,2025-11-01,Billing,26.47,2
1511,2025-11-01,FeatureRequest,31.33,3
1511,2025-10-30,Account,5.48,3
1511,2025-10-14,Billing,3.4,4
1516,2026-01-14,Account,8.42,4
1516,2025-12-26,Account,70.2,1
1516,2026-01-13,Billing,43.23,1
1517,2025-11-17,Billing,9.58,5
1521,2025-07-21,FeatureRequest,9.4,5
1521,2025-08-07,FeatureRequest,70.72,2
1521,2025-08-08,Billing,6.57,3
1521,2025-07-09,Technical,2.98,5
1524,2026-01-25,Account,26.58,1
1524,2026-01-30,FeatureRequest,3.72,4
1533,2025-08-31,Billing,4.8,5
1533,2025-08-08,Technical,67.13,2
1533,2025-08-01,FeatureRequest,9.7,4
1533,2025-07-30,Technical,28.56,2
1537,2025-08-02,Technical,56.94,3
1537,2025-08-19,FeatureRequest,6.9,4
1539,2026-03-01,FeatureRequest,8.81,4
1548,2026-01-20,Billing,5.28,4
1548,2026-01-15,Billing,26.75,2
1549,2026-04-29,Technical,5.39,4
1549,2026-05-08,FeatureRequest,8.15,5
1555,2026-01-03,Billing,7.1,2
1558,2026-05-08,Account,3.13,4
1558,2026-06-05,FeatureRequest,2.78,5
1559,2026-04-29,Billing,7.95,5
1559,2026-02-12,Billing,8.71,4
1560,2025-09-17,FeatureRequest,21.16,3
1560,2025-09-23,Account,55.02,1
1560,2025-09-22,Technical,20.65,5
1560,2025-09-20,Billing,23.98,4
1567,2026-02-20,Billing,41.06,3
1567,2026-04-13,Technical,59.96,1
1567,2026-02-19,Billing,51.95,1
1570,2025-08-25,FeatureRequest,6.05,1
1570,2025-08-26,Billing,4.77,2
1570,2025-08-12,Technical,40.81,1
1573,2026-04-07,FeatureRequest,3.64,5
1585,2026-01-16,Account,1.43,4
1585,2026-02-24,Billing,7.41,4
1590,2026-06-29,Technical,23.03,3
1590,2026-02-15,Technical,34.05,4
1591,2025-12-09,Billing,58.94,1
1591,2026-01-24,Billing,25.99,1
1593,2026-04-17,Account,7.17,4
1593,2026-04-10,FeatureRequest,46.69,1
1603,2026-01-28,Billing,69.31,1
1603,2026-01-16,Technical,4.39,3
1603,2026-02-07,Billing,17.56,4
1603,2026-02-04,Technical,37.35,2
1608,2025-12-30,FeatureRequest,2.13,5
1608,2025-11-03,FeatureRequest,4.81,5
1609,2026-01-30,FeatureRequest,26.75,5
1612,2026-05-03,Account,2.67,4
1612,2026-06-07,FeatureRequest,42.5,1
1612,2026-05-09,FeatureRequest,2.57,5
1613,2026-06-10,Technical,7.3,5
1613,2025-10-06,FeatureRequest,6.08,4
1622,2025-09-15,FeatureRequest,42.21,1
1622,2025-08-30,Billing,8.55,4
1622,2025-10-16,FeatureRequest,2.81,4
1622,2025-10-08,Account,53.17,3
1623,2026-04-09,FeatureRequest,63.3,1
1623,2026-04-04,Account,53.15,2
1623,2026-04-11,Billing,6.34,3
1623,2026-04-06,FeatureRequest,24.41,4
1629,2026-06-09,FeatureRequest,9.81,4
1629,2026-06-25,Billing,47.98,1
1629,2026-06-07,Account,54.57,1
1631,2026-01-06,Technical,22.27,4
1633,2026-06-21,Billing,7.63,4
1641,2026-04-03,Billing,4.58,5
1641,2026-04-23,FeatureRequest,0.88,4
1643,2026-06-22,FeatureRequest,2.71,5
1645,2025-10-10,FeatureRequest,19.73,1
1645,2025-10-23,Account,8.86,3
1650,2026-03-08,FeatureRequest,42.09,2
1650,2026-03-03,Billing,3.23,5
1650,2026-02-12,Billing,9.15,5
1655,2026-05-04,Technical,16.92,3
1655,2026-05-12,Technical,35.34,1
1655,2026-05-01,FeatureRequest,34.86,5
1657,2026-06-11,Billing,0.74,3
1658,2026-06-29,Billing,1.44,5
1662,2025-12-10,Account,7.92,3
1662,2026-01-06,Billing,24.24,4
1683,2026-02-18,Account,7.7,5
1683,2026-01-17,Account,9.51,3
1687,2025-10-23,Billing,25.04,2
1687,2025-10-11,Account,37.78,1
1687,2025-10-13,Account,69.7,2
1687,2025-09-30,FeatureRequest,20.72,4
1689,2025-10-30,FeatureRequest,4.93,4
1689,2025-11-09,Billing,43.94,1
1689,2025-11-12,Technical,1.22,4
1691,2025-12-30,Technical,68.19,1
1691,2025-12-31,Technical,18.92,4
1696,2026-04-24,Account,3.85,5
1697,2026-05-07,FeatureRequest,24.53,4
1698,2025-09-09,Billing,1.92,4
1702,2026-01-07,FeatureRequest,3.61,3
1702,2026-01-06,Account,48.25,1
1705,2025-10-15,Billing,70.8,1
1705,2025-10-04,FeatureRequest,21.37,2
1705,2025-09-08,Technical,58.09,1
1714,2025-07-10,FeatureRequest,57.38,1
1714,2025-07-24,Billing,32.53,4
1728,2026-03-09,FeatureRequest,3.06,3
1734,2026-05-27,Account,3.64,5
1735,2026-05-15,Account,7.28,4
1737,2026-06-24,FeatureRequest,31.75,2
1737,2026-04-08,FeatureRequest,30.16,5
1742,2026-01-10,FeatureRequest,5.75,4
1759,2026-05-23,FeatureRequest,9.06,5
1762,2026-04-09,FeatureRequest,30.4,3
1762,2025-12-30,Billing,23.33,2
1764,2025-10-11,Billing,37.81,2
1764,2025-10-20,Technical,5.06,5
1764,2025-10-13,Technical,1.86,4
1772,2026-01-31,Account,0.74,5
1772,2025-12-26,Account,70.06,1
1772,2026-02-03,Billing,5.58,5
1774,2026-04-12,Technical,6.67,4
1775,2025-10-15,Technical,56.4,2
1775,2025-09-18,FeatureRequest,58.13,1
1775,2025-09-20,Account,32.28,1
1775,2025-10-05,Account,49.77,3
1778,2026-05-09,Billing,14.53,4
1779,2026-04-21,Billing,64.45,2
1779,2026-05-03,Technical,34.08,3
1781,2025-12-16,Billing,6.59,4
1781,2025-12-07,Billing,3.78,3
1781,2025-11-27,Account,5.12,5
1781,2025-11-08,Technical,2.32,5
1782,2025-08-25,Billing,3.33,4
1782,2025-09-09,Account,53.55,2
1786,2025-11-20,Billing,42.39,1
1786,2025-12-12,Account,2.54,4
1786,2025-12-30,FeatureRequest,26.18,2
1790,2026-05-02,FeatureRequest,6.4,3
1790,2026-06-26,Billing,5.23,3
1793,2025-11-03,Technical,23.91,4
1793,2025-10-11,Account,20.04,4
1793,2025-11-19,Account,9.97,2
1793,2025-10-25,Account,17.61,2
1796,2025-12-03,FeatureRequest,36.44,3
1796,2025-12-07,Technical,9.76,5
1798,2026-05-20,Account,68.21,2
1798,2026-05-14,Account,0.57,5
1798,2026-05-11,Account,7.13,5
1800,2026-05-22,Billing,8.55,4
1801,2025-07-05,Technical,39.13,1
1801,2025-07-09,Account,24.75,2
1801,2025-07-11,Account,26.46,1
1801,2025-07-13,Billing,62.71,3
1806,2026-04-12,FeatureRequest,6.14,3
1809,2026-03-16,Technical,1.62,4
1809,2026-04-03,Account,65.34,3
1814,2025-10-26,Billing,6.12,4
1814,2025-09-07,Billing,1.08,4
1814,2025-09-21,Technical,7.07,3
1818,2026-04-15,FeatureRequest,51.81,3
1818,2026-05-06,Account,54.05,2
1818,2026-05-07,Technical,29.68,2
1818,2026-04-15,Billing,59.67,2
1820,2026-01-24,FeatureRequest,31.35,3
1820,2026-03-07,Account,17.01,4
1821,2025-07-18,Account,6.28,4
1821,2025-07-11,Technical,7.68,5
1825,2025-11-01,Account,32.06,2
1825,2025-11-03,Billing,37.18,1
1825,2025-11-03,FeatureRequest,30.51,4
1827,2026-01-20,FeatureRequest,8.26,4
1827,2026-02-20,Billing,2.8,5
1827,2026-02-12,Account,6.77,4
1828,2025-09-18,FeatureRequest,5.48,2
1828,2025-10-28,FeatureRequest,22.17,4
1828,2025-10-01,Billing,25.8,2
1828,2025-10-06,Billing,30.53,4
1829,2026-06-08,FeatureRequest,1.62,1
1831,2026-01-05,Technical,36.93,1
1831,2025-12-18,Technical,26.77,3
1832,2025-07-26,Account,63.35,2
1832,2025-07-23,Account,8.7,3
1832,2025-08-25,Account,51.08,1
1833,2026-04-08,FeatureRequest,33.93,4
1833,2026-02-21,Technical,29.45,3
1836,2026-02-23,FeatureRequest,34.45,3
1836,2026-02-15,FeatureRequest,70.89,2
1841,2026-01-26,Billing,6.31,1
1841,2026-01-11,Account,16.46,1
1841,2026-01-08,Billing,20.45,4
1843,2026-06-22,Technical,9.88,4
1843,2026-05-31,Account,5.07,5
1850,2025-12-06,Billing,9.72,5
1850,2025-10-29,FeatureRequest,9.8,3
1850,2025-11-18,Technical,30.22,1
1851,2026-01-17,Account,2.96,3
1854,2025-12-17,FeatureRequest,33.18,1
1854,2025-12-01,Technical,3.66,5
1854,2025-11-27,Account,55.48,1
1854,2025-12-19,Technical,64.37,2
1856,2025-12-05,Technical,8.94,2
1856,2025-12-18,Technical,53.06,1
1861,2026-01-02,FeatureRequest,39.01,1
1861,2025-12-13,Account,6.69,2
1861,2025-11-06,Technical,57.31,3
1863,2026-03-30,Account,2.88,4
1863,2026-04-20,Billing,9.72,4
1867,2025-07-13,Account,31.51,1
1867,2025-07-13,FeatureRequest,10.56,5
1867,2025-07-28,Technical,14.19,4
1870,2026-06-13,Account,3.43,5
1870,2026-04-27,Technical,7.95,4
1872,2026-02-04,Account,4.22,4
1874,2026-06-07,FeatureRequest,31.35,4
1875,2026-03-07,Technical,11.17,3
1875,2026-03-13,Technical,40.13,1
1877,2026-05-08,Account,71.46,1
1877,2026-05-08,Account,68.32,1
1877,2026-04-25,Technical,8.87,4
1880,2025-09-24,FeatureRequest,8.48,5
1880,2025-10-07,Technical,61.02,1
1880,2025-10-17,Technical,66.07,1
1884,2025-10-21,FeatureRequest,40.25,1
1884,2025-10-23,FeatureRequest,24.97,1
1884,2025-10-17,Account,22.08,4
1888,2025-12-20,Technical,35.07,5
1888,2025-12-16,FeatureRequest,67.19,1
1892,2025-09-24,Technical,32.32,3
1892,2025-11-08,Billing,3.51,4
1892,2025-10-04,Account,46.38,1
1892,2025-10-12,Billing,9.37,5
1897,2026-03-10,Account,6.28,5
1897,2026-05-13,Technical,4.6,4
1904,2026-06-10,Billing,24.88,4
1913,2026-05-03,Billing,29.79,3
1913,2026-05-31,Technical,9.5,5
1918,2025-12-07,FeatureRequest,35.04,1
1918,2025-11-28,FeatureRequest,16.28,2
1919,2026-03-14,Account,34.55,3
1919,2026-04-06,Billing,36.52,1
1922,2025-09-30,FeatureRequest,3.96,5
1922,2025-10-07,Account,38.02,1
1922,2025-10-06,Billing,5.59,5
1922,2025-10-02,Account,57.74,3
1924,2026-03-09,Technical,3.06,5
1925,2026-05-13,Billing,6.43,2
1925,2026-03-01,Billing,33.41,4
1932,2026-01-11,FeatureRequest,62.83,1
1932,2026-01-13,FeatureRequest,14.66,3
1935,2025-10-15,FeatureRequest,7.38,4
1935,2025-10-08,Technical,2.18,4
1935,2025-10-18,Technical,36.39,2
1935,2025-10-30,Technical,40.83,1
1940,2025-10-15,Account,28.48,2
1940,2025-10-08,Technical,1.33,4
1940,2025-09-23,Billing,49.55,1
1944,2025-09-29,FeatureRequest,2.35,4
1944,2026-06-19,FeatureRequest,0.79,5
1947,2026-03-19,Billing,8.35,5
1948,2026-06-13,Billing,29.4,1
1948,2026-02-20,Technical,8.83,2
1955,2026-04-26,FeatureRequest,2.49,5
1956,2026-04-29,Technical,31.67,5
1956,2026-05-25,Billing,37.42,2
1964,2025-10-08,Account,32.27,3
1964,2025-11-01,FeatureRequest,21.55,3
1964,2025-11-01,Account,12.12,2
1964,2025-10-20,Account,59.69,3
1966,2025-10-20,Account,15.34,2
1966,2025-10-06,FeatureRequest,2.8,3
1966,2025-10-05,Account,42.12,1
1966,2025-08-26,Billing,7.58,4
1968,2025-10-20,Account,48.3,1
1968,2025-10-22,Billing,56.53,1
1971,2025-11-14,Technical,24.96,1
1971,2025-11-27,FeatureRequest,0.99,4
1972,2026-02-20,Account,30.49,4
1976,2025-11-16,Account,23.8,4
1976,2025-11-11,Technical,71.86,1
1976,2025-11-10,FeatureRequest,31.12,1
1977,2026-05-24,FeatureRequest,9.11,2
1977,2026-06-13,FeatureRequest,18.44,5
1979,2026-03-17,Technical,25.17,1
1979,2026-03-07,Technical,25.34,1
1983,2026-04-05,Technical,4.43,5
1984,2025-11-25,Technical,3.63,4
1984,2025-11-16,Account,58.52,2
1985,2026-03-05,Billing,3.58,4
1985,2026-02-08,Account,5.08,4
1993,2025-12-23,FeatureRequest,19.97,4
1993,2026-01-24,FeatureRequest,51.9,1
1993,2026-02-05,Account,4.95,2
2010,2025-09-05,Technical,5.37,4
2010,2025-08-27,Account,53.14,1
2021,2025-11-23,Technical,43.86,2
2021,2025-12-29,Technical,59.88,3
2023,2026-03-19,FeatureRequest,45.49,1
2023,2026-02-27,Account,30.46,1
2023,2026-03-28,Technical,17.45,2
2023,2026-03-29,Account,36.91,1
2028,2025-11-19,Technical,71.19,1
2028,2025-10-14,Technical,20.03,4
2028,2025-11-20,FeatureRequest,63.13,2
2030,2026-05-04,Technical,1.7,5
2030,2026-04-04,Technical,49.12,1
2033,2025-12-25,Account,1.95,4
2033,2025-12-14,Technical,33.71,5
2036,2026-01-11,Technical,1.58,3
2039,2026-04-29,FeatureRequest,24.63,2
2043,2025-08-14,FeatureRequest,52.69,1
2043,2025-07-24,Account,13.6,1
2043,2025-08-02,Technical,31.2,4
2043,2025-07-16,FeatureRequest,25.38,2
2044,2026-01-02,FeatureRequest,10.33,2
2054,2026-03-30,Account,27.49,1
2054,2026-04-22,Billing,70.69,1
2054,2026-04-24,Technical,4.56,4
2056,2026-02-16,Technical,7.55,4
2056,2025-12-20,Technical,5.36,4
2061,2026-04-10,Account,8.7,3
2061,2026-05-10,Technical,10.89,3
2063,2026-05-21,Billing,29.85,2
2064,2025-09-10,Account,29.3,4
2064,2025-09-06,Technical,23.29,4
2068,2026-02-08,Billing,7.91,4
2074,2025-12-13,FeatureRequest,28.69,3
2074,2026-04-03,FeatureRequest,31.87,3
2076,2026-03-19,FeatureRequest,29.78,1
2076,2026-03-04,FeatureRequest,33.31,1
2076,2026-03-10,Billing,3.87,5
2076,2026-03-14,Billing,29.74,3
2078,2026-03-31,Billing,32.52,1
2078,2026-04-05,Billing,2.63,4
2078,2026-04-09,Account,30.99,1
2078,2026-03-31,Technical,46.43,1
2080,2026-04-11,Account,29.7,1
2093,2026-05-13,Account,28.15,2
2093,2026-04-30,Account,21.46,1
2094,2026-04-21,Billing,54.38,1
2094,2026-04-18,Billing,2.11,5
2094,2026-03-20,Billing,4.38,4
2094,2026-04-25,Billing,60.92,3
2095,2026-01-01,Account,1.48,5
2095,2026-01-12,Account,3.62,5
2095,2026-01-07,Technical,25.22,1
2097,2026-05-04,Billing,44.05,2
2097,2026-05-07,FeatureRequest,4.66,5
2097,2026-05-14,Account,71.31,1
2097,2026-05-07,Billing,1.94,5
2099,2025-10-15,Billing,34.0,1
2099,2025-10-27,Technical,14.02,4
2099,2025-10-14,FeatureRequest,15.35,1
2104,2025-08-03,FeatureRequest,2.57,3
2104,2025-08-01,Technical,36.9,1
2104,2025-07-17,Account,25.32,1
2104,2025-07-18,Technical,43.88,1
2110,2025-07-28,FeatureRequest,56.31,1
2110,2025-07-23,Technical,32.6,1
2111,2026-01-11,Account,47.22,1
2111,2026-02-06,FeatureRequest,23.18,1
2115,2026-04-07,Account,9.5,5
2116,2026-05-05,Account,4.2,4
2116,2026-03-01,Billing,7.25,4
2120,2025-09-04,Billing,31.48,4
2120,2025-10-02,FeatureRequest,34.96,1
2121,2025-10-13,Technical,4.38,4
2121,2025-11-27,Billing,36.01,1
2121,2025-12-07,Billing,46.79,1
2121,2025-11-13,Technical,34.87,2
2125,2026-03-18,Account,6.22,3
2125,2026-03-17,FeatureRequest,37.55,1
2125,2026-03-05,Technical,23.33,3
2125,2026-02-27,FeatureRequest,15.93,1
2126,2025-12-02,Account,0.72,4
2126,2026-02-21,Technical,9.14,5
2134,2025-08-16,Technical,20.69,2
2134,2025-09-03,Technical,5.96,4
2134,2025-09-05,Account,31.18,1
2137,2025-08-28,Account,51.49,1
2137,2025-08-20,FeatureRequest,38.35,1
2137,2025-08-22,FeatureRequest,45.84,1
2137,2025-08-29,Technical,39.82,2
2139,2026-02-09,Account,28.68,1
2139,2026-02-08,Billing,33.06,1
2139,2026-02-13,Technical,8.66,4
2141,2025-12-26,Billing,44.64,1
2141,2025-12-11,FeatureRequest,33.31,1
2141,2025-11-24,FeatureRequest,3.85,5
2143,2025-10-15,Technical,4.77,4
2143,2025-11-21,Technical,2.17,5
2150,2025-08-27,FeatureRequest,27.41,3
2150,2025-09-05,Technical,14.21,1
2150,2025-09-05,FeatureRequest,21.9,4
2150,2025-08-31,Account,30.01,1
2152,2026-05-03,Billing,4.64,5
2152,2026-04-20,Account,31.05,3
2152,2026-05-26,Billing,19.34,4
2152,2026-04-26,Technical,57.67,1
2154,2026-04-28,Technical,5.0,5
2154,2026-05-03,Technical,5.07,4
2154,2026-06-17,Account,54.23,1
2156,2025-09-21,Technical,71.53,2
2156,2025-09-28,Billing,68.92,2
2157,2026-02-26,FeatureRequest,36.68,1
2157,2026-03-01,Account,19.96,3
2160,2026-03-05,Technical,13.4,3
2167,2025-08-23,Billing,70.55,1
2167,2025-08-10,Technical,47.02,1
2168,2025-09-28,Billing,15.49,1
2168,2025-10-31,Account,53.33,1
2168,2025-10-09,FeatureRequest,7.92,2
2168,2025-11-10,Billing,31.98,2
2171,2025-11-21,Account,37.77,3
2171,2025-11-30,Account,56.67,1
2175,2026-01-19,Technical,14.18,3
2175,2026-02-03,FeatureRequest,48.32,1
2175,2026-01-20,Technical,54.4,1
2178,2026-05-03,Billing,33.54,2
2178,2026-04-11,Account,27.3,2
2178,2026-05-06,Technical,39.08,2
2178,2026-04-08,Account,17.16,5
2179,2026-05-06,Billing,5.01,4
2179,2026-02-12,FeatureRequest,2.99,4
2181,2025-11-12,Billing,17.07,3
2181,2025-11-13,FeatureRequest,67.44,2
2181,2026-01-06,Account,31.19,2
2185,2026-04-15,Technical,55.31,2
2185,2026-04-06,Technical,34.89,2
2185,2026-04-21,Technical,5.96,4
2188,2026-02-19,Billing,40.75,1
2188,2026-01-15,Billing,39.78,2
2192,2026-05-26,Billing,25.05,3
2192,2026-03-08,Account,20.12,5
2193,2026-01-18,Account,46.77,1
2193,2026-01-22,Billing,61.3,2
2194,2025-11-26,FeatureRequest,27.9,2
2194,2025-11-28,Technical,51.68,1
2198,2026-01-27,Technical,36.45,1
2198,2026-03-22,FeatureRequest,31.09,1
2208,2026-04-01,Account,9.3,3
2208,2026-04-02,Technical,4.9,5
2212,2025-10-11,Account,21.35,1
2212,2025-10-11,Account,39.72,1
2215,2026-02-08,Billing,2.45,5
2215,2026-02-07,Account,46.15,1
2216,2026-05-23,Billing,6.02,4
2217,2025-11-20,FeatureRequest,40.66,1
2217,2025-11-09,Billing,45.05,1
2217,2025-11-19,Technical,9.19,5
2217,2025-11-14,FeatureRequest,30.59,1
2218,2025-10-15,Billing,71.41,1
2218,2025-10-10,FeatureRequest,5.08,5
2218,2025-09-26,FeatureRequest,44.48,3
2218,2025-09-26,Billing,9.01,5
2229,2026-05-25,Technical,32.88,5
2229,2026-06-30,Account,21.72,3
2240,2026-01-23,Account,43.46,1
2240,2026-02-26,Billing,2.29,5
2240,2026-02-28,FeatureRequest,37.55,1
2240,2026-01-21,FeatureRequest,7.77,5
2251,2025-09-20,Account,9.16,4
2251,2025-10-01,Account,6.45,3
2253,2026-03-31,Account,35.15,4
2253,2026-03-11,Account,69.14,3
2256,2025-08-15,Technical,9.41,2
2256,2025-08-07,Technical,34.21,2
2263,2026-03-09,Billing,16.77,4
2263,2026-03-16,Billing,3.14,4
2263,2026-03-13,Billing,55.83,1
2263,2026-03-04,FeatureRequest,42.18,1
2264,2025-12-02,Account,57.72,2
2264,2025-12-25,Technical,34.07,1
2268,2026-06-04,FeatureRequest,40.73,1
2268,2026-04-21,Technical,23.78,4
2268,2026-06-05,Account,2.17,3
2271,2025-12-28,Billing,19.39,4
2272,2026-02-08,FeatureRequest,60.5,1
2272,2026-01-22,Billing,5.02,4
2275,2026-03-25,FeatureRequest,11.76,4
2275,2026-04-26,FeatureRequest,2.39,2
2277,2026-05-10,Account,2.54,5
2277,2026-05-13,Account,30.46,1
2281,2025-12-03,FeatureRequest,8.67,5
2281,2025-12-05,FeatureRequest,16.8,3
2281,2026-01-07,FeatureRequest,8.31,3
2286,2025-08-05,Billing,4.72,4
2286,2025-08-24,Technical,6.95,4
2287,2026-05-01,Billing,62.93,1
2287,2026-04-27,Technical,71.12,2
2287,2026-04-29,FeatureRequest,70.8,2
2287,2026-04-29,Billing,55.44,1
2290,2026-04-01,Account,7.39,5
2294,2026-01-17,Billing,12.87,4
2294,2026-01-22,Technical,23.22,1
2294,2026-01-23,Account,25.8,2
2294,2025-12-15,Technical,2.53,3
2304,2025-10-26,FeatureRequest,61.89,1
2304,2025-09-23,FeatureRequest,44.78,1
2307,2026-04-16,Technical,7.24,3
2312,2026-04-02,Billing,8.39,4
2312,2026-04-02,Technical,2.68,5
2314,2025-12-07,FeatureRequest,0.54,4
2314,2025-12-22,Billing,8.89,4
2314,2025-11-23,Account,27.38,1
2316,2026-04-11,Account,6.18,4
2318,2026-01-06,FeatureRequest,3.29,4
2318,2026-02-20,Technical,64.33,3
2329,2026-01-05,Technical,13.44,4
2329,2025-12-12,Billing,3.18,4
2329,2026-01-08,Technical,27.23,4
2329,2025-12-07,FeatureRequest,28.32,5
2330,2026-01-26,FeatureRequest,14.97,4
2337,2025-11-26,Billing,5.01,4
2338,2025-11-30,Account,8.72,5
2338,2026-01-04,FeatureRequest,6.72,5
2343,2026-01-09,Account,5.68,5
2343,2025-12-29,Technical,40.24,1
2343,2026-01-28,Technical,2.46,5
2343,2025-12-02,FeatureRequest,8.4,5
2345,2026-01-31,Technical,19.04,4
2346,2025-09-27,Account,34.12,4
2346,2025-09-14,Account,37.67,1
2346,2025-10-17,FeatureRequest,26.32,1
2346,2025-10-01,Billing,45.86,1
2347,2025-11-20,FeatureRequest,3.57,5
2347,2025-12-04,FeatureRequest,9.29,4
2354,2025-10-30,Technical,9.78,4
2354,2025-09-22,Account,39.36,1
2359,2025-12-27,Billing,6.04,5
2359,2025-11-26,FeatureRequest,36.9,1
2359,2025-10-20,FeatureRequest,6.0,5
2361,2025-08-10,Technical,70.85,3
2361,2025-08-01,FeatureRequest,63.61,2
2361,2025-07-21,FeatureRequest,2.59,4
2369,2026-02-03,FeatureRequest,7.69,3
2369,2026-01-21,Billing,32.15,4
2369,2026-01-29,Billing,30.38,1
2369,2026-01-25,Technical,1.54,4
2370,2026-03-09,FeatureRequest,5.54,2
2370,2026-03-22,Technical,35.92,1
2370,2026-04-04,Technical,16.39,5
2381,2025-10-21,Account,70.05,3
2381,2025-10-29,Billing,30.67,5
2381,2025-10-17,Account,5.97,4
2385,2026-02-20,FeatureRequest,9.42,2
2385,2026-02-09,Billing,57.78,1
2385,2026-02-07,Technical,19.88,2
2385,2026-02-13,Account,24.18,3
2392,2026-02-06,Account,5.72,4
2392,2026-02-03,Account,1.69,4
2392,2026-02-02,Account,2.09,4
2396,2025-11-01,Account,62.19,1
2396,2025-11-03,Account,15.69,3
2396,2025-11-02,FeatureRequest,34.9,1
2405,2026-03-04,FeatureRequest,7.34,5
2407,2025-08-18,Account,21.54,2
2407,2025-08-29,Account,7.55,4
2407,2025-08-29,FeatureRequest,20.15,5
2410,2026-02-13,Technical,37.77,2
2410,2026-02-19,Account,1.49,4
2410,2026-02-18,FeatureRequest,12.92,4
2410,2026-02-13,Technical,58.35,2
2413,2026-05-10,Account,2.37,4
2415,2025-09-18,FeatureRequest,4.29,2
2415,2025-09-12,FeatureRequest,7.71,3
2415,2025-09-10,Technical,39.95,2
2420,2025-11-13,Technical,60.32,2
2420,2025-11-06,Billing,6.78,5
2421,2025-10-05,Technical,35.25,2
2421,2025-10-04,Billing,0.53,4
2421,2025-10-10,Account,31.41,1
2421,2025-10-08,Account,2.09,4
2429,2026-04-23,Account,45.65,1
2429,2026-05-25,Billing,6.62,5
2429,2026-05-07,Account,32.39,2
2434,2026-05-31,Account,1.18,4
2434,2026-04-29,FeatureRequest,9.0,4
2436,2026-02-05,FeatureRequest,6.58,2
2438,2026-04-27,FeatureRequest,8.03,5
2440,2025-12-20,Technical,49.22,1
2440,2026-01-14,Account,23.3,2
2440,2026-01-05,Account,59.39,1
2440,2025-12-12,FeatureRequest,62.24,1
2443,2025-10-25,Account,71.98,2
2443,2025-10-16,Technical,51.37,1
2443,2025-09-21,Account,13.08,1
2445,2026-01-18,Technical,62.4,1
2445,2026-01-12,Billing,5.37,3
2445,2025-12-01,Billing,26.99,1
2445,2026-01-18,Technical,5.86,2
2450,2026-02-01,Technical,19.55,3
2450,2026-03-14,FeatureRequest,37.76,1
2451,2025-08-28,Billing,8.05,4
2451,2025-12-16,Technical,1.3,5
2452,2025-08-07,Billing,11.31,3
2452,2025-08-22,Account,36.83,1
2452,2025-08-02,Account,9.83,2
2452,2025-08-13,FeatureRequest,23.82,1
2454,2025-08-10,FeatureRequest,28.15,4
2454,2025-08-14,FeatureRequest,31.3,5
2454,2025-08-07,Technical,69.77,3
2454,2025-08-15,Account,9.43,4
2455,2026-04-19,Billing,2.79,4
2460,2026-06-23,Account,7.95,4
2463,2025-11-19,FeatureRequest,33.13,2
2463,2025-11-23,Account,31.92,1
2463,2025-11-20,Technical,37.74,1
2465,2026-03-15,Billing,50.05,1
2465,2026-01-24,Billing,17.24,1
2465,2026-02-16,Account,17.11,3
2465,2026-03-07,Billing,33.55,1
2468,2025-08-18,FeatureRequest,38.79,2
2468,2025-09-05,Technical,39.5,1
2468,2025-08-20,Account,24.56,2
2468,2025-08-03,Billing,42.63,1
2469,2025-07-24,Technical,6.01,4
2469,2025-07-24,FeatureRequest,5.93,4
2469,2025-07-24,Technical,41.71,1
2470,2025-12-07,FeatureRequest,7.94,4
2470,2025-11-07,Account,4.72,4
2470,2025-12-31,Billing,1.3,4
2476,2025-11-13,Account,6.6,2
2476,2025-12-08,Account,22.83,4
2476,2025-10-24,Account,2.33,4
2476,2025-12-02,FeatureRequest,5.77,3
2489,2026-05-03,Billing,33.58,3
2491,2026-02-27,Technical,9.33,5
2491,2026-02-18,Billing,49.82,1
2492,2026-06-15,FeatureRequest,3.88,4
2493,2025-07-27,Billing,56.74,1
2493,2025-08-03,Technical,45.61,1
2493,2025-08-08,Technical,27.81,3
2495,2026-02-25,Billing,7.58,4
2495,2025-12-13,Account,9.88,4
2497,2025-12-23,Account,7.62,5
2498,2026-04-29,Billing,23.63,2
2498,2026-04-08,Technical,28.77,2
2503,2025-10-01,Technical,28.49,2
2503,2025-08-28,Account,3.67,4
2504,2025-12-11,Billing,25.46,2
2507,2025-10-16,Technical,12.71,3
2510,2026-06-13,Technical,31.29,2
2511,2026-06-05,FeatureRequest,7.97,3
2512,2026-04-19,Account,2.79,5
2513,2025-12-23,Technical,64.95,2
2513,2025-12-24,Billing,11.0,2
2515,2026-02-02,FeatureRequest,63.23,1
2515,2026-02-01,Technical,0.54,5
2517,2026-02-16,Technical,48.31,1
2517,2026-02-12,Account,33.6,2
2517,2026-02-10,Account,51.71,3
2525,2026-03-14,Technical,32.55,2
2527,2026-03-21,Billing,7.56,5
2529,2026-01-19,FeatureRequest,2.5,4
2533,2025-10-18,Account,10.76,4
2533,2025-09-29,Account,66.94,1
2533,2025-09-19,Billing,66.24,2
2533,2025-10-12,FeatureRequest,34.72,3
2535,2026-05-14,FeatureRequest,28.17,3
2535,2026-06-05,Account,68.49,1
2538,2025-12-13,Technical,47.13,1
2538,2025-12-29,Technical,1.96,4
2538,2025-12-27,Account,63.85,1
2540,2025-10-27,Billing,14.36,3
2540,2025-10-12,Account,28.51,4
2540,2025-10-16,Billing,13.88,3
2541,2025-08-13,Billing,4.6,4
2541,2025-08-09,Billing,2.98,4
2541,2025-08-12,Billing,0.52,5
2546,2026-06-09,Technical,4.06,5
2546,2026-04-13,Account,1.09,5
2546,2026-06-01,FeatureRequest,1.55,4
2547,2026-03-09,Account,2.22,5
2551,2026-03-20,FeatureRequest,30.62,3
2558,2026-05-09,FeatureRequest,4.72,5
2558,2026-01-22,Billing,7.84,4
2565,2026-04-12,Account,64.17,2
2565,2026-04-13,Account,31.57,2
2565,2026-04-11,Account,8.09,4
2565,2026-04-06,Technical,3.53,5
2566,2026-02-22,Account,50.71,1
2566,2026-03-21,Technical,21.75,4
2566,2026-02-26,Billing,17.62,2
2570,2026-05-25,FeatureRequest,30.63,3
2570,2026-05-14,Technical,58.17,1
2570,2026-05-08,Account,18.83,4
2571,2025-07-04,Technical,2.61,5
2571,2025-07-06,Billing,66.54,1
2571,2025-07-13,Account,32.18,1
2571,2025-07-10,Technical,29.72,1
2577,2026-03-13,Billing,65.28,1
2577,2026-03-25,Technical,26.12,1
2577,2026-03-29,Technical,8.4,5
2594,2026-03-16,Account,8.07,4
2594,2025-09-22,FeatureRequest,7.57,4
2595,2025-11-04,Account,20.16,1
2597,2025-11-08,FeatureRequest,0.61,4
2597,2025-09-22,FeatureRequest,1.84,4
2600,2026-05-15,Billing,9.85,5
2600,2026-06-06,Billing,5.31,5
2603,2026-04-06,Account,1.03,4
2603,2026-05-04,Billing,9.11,4
2604,2025-09-03,Billing,41.5,2
2604,2025-10-16,FeatureRequest,49.5,3
2604,2025-09-25,Account,29.8,1
2604,2025-08-13,Billing,36.7,1
2607,2026-04-16,Billing,24.81,2
2607,2026-06-06,Account,63.77,1
2607,2026-06-06,Account,66.67,2
2607,2026-06-20,Account,67.95,3
2608,2026-01-18,Account,12.39,3
2609,2026-02-09,Account,27.71,1
2609,2026-01-31,Billing,51.6,1
2609,2026-02-11,Technical,26.06,1
2609,2026-02-02,Technical,8.98,4
2613,2026-03-22,Billing,2.21,2
2613,2026-04-24,Billing,25.67,1
2616,2025-08-08,Technical,14.7,2
2616,2025-08-21,Account,32.5,3
2617,2026-04-20,Account,5.13,4
2619,2025-08-14,Billing,25.42,2
2619,2025-08-10,Billing,2.21,4
2622,2025-11-08,FeatureRequest,27.61,1
2622,2025-12-23,Technical,10.29,3
2622,2025-12-07,Technical,33.43,3
2622,2025-11-24,Billing,55.11,1
2628,2025-10-12,FeatureRequest,40.48,1
2628,2025-10-20,Account,33.7,1
2641,2026-04-24,Billing,31.73,2
2641,2026-04-24,FeatureRequest,36.66,2
2641,2026-04-30,Technical,24.29,1
2641,2026-04-29,Account,26.19,2
2644,2026-05-19,Billing,9.38,4
2644,2026-05-20,FeatureRequest,7.45,4
2645,2025-11-20,Account,8.65,3
2645,2025-11-27,Billing,64.92,2
2645,2025-10-18,Technical,66.35,1
2648,2025-08-03,Technical,9.05,4
2648,2025-08-15,Technical,24.16,2
2654,2025-10-02,Technical,22.75,4
2654,2025-10-07,Technical,36.0,2
2657,2026-03-30,Account,48.37,1
2657,2026-03-30,Billing,12.26,4
2657,2026-03-31,Billing,19.52,2
2657,2026-04-03,Billing,54.66,2
2665,2026-06-21,Account,3.34,4
2668,2026-05-13,FeatureRequest,22.41,3
2668,2026-02-08,Billing,31.53,4
2671,2026-01-27,Account,16.59,3
2671,2026-06-07,FeatureRequest,23.67,4
2680,2026-04-04,FeatureRequest,7.63,4
2681,2026-04-11,FeatureRequest,53.62,1
2681,2026-04-04,Account,31.78,4
2681,2026-05-07,Account,17.11,4
2681,2026-03-19,FeatureRequest,4.18,1
2689,2026-06-12,Technical,4.13,4
2691,2026-06-14,Technical,2.17,3
2692,2026-04-30,Account,32.0,4
2692,2026-05-29,FeatureRequest,55.73,2
2692,2026-04-24,Billing,38.03,1
2692,2026-05-06,Technical,9.33,3
2697,2026-03-24,Technical,30.71,1
2697,2026-03-29,Billing,11.81,1
2697,2026-03-26,Technical,63.55,1
2697,2026-03-26,Billing,20.5,4
2701,2026-04-02,FeatureRequest,1.9,5
2702,2025-11-02,Technical,25.43,2
2704,2026-06-13,Billing,0.92,4
2704,2026-04-23,Billing,6.97,4
2706,2026-06-04,Billing,31.72,4
2706,2026-05-08,Account,26.71,4
2710,2026-03-12,Technical,24.73,3
2711,2026-02-07,Technical,6.86,3
2716,2026-01-13,Technical,61.09,1
2716,2026-01-17,Technical,60.42,1
2716,2026-02-11,Account,8.87,4
2722,2025-11-14,Billing,7.01,4
2722,2026-04-01,Technical,6.44,4
2723,2025-12-17,Billing,3.5,4
2729,2026-06-10,Account,4.51,4
2729,2026-02-16,Technical,3.45,4
2741,2026-03-15,Account,35.18,1
2741,2026-03-15,Account,64.57,1
2746,2025-09-18,Account,25.88,1
2746,2025-10-12,Account,62.17,1
2746,2025-10-08,Technical,50.61,1
2746,2025-11-03,Billing,31.29,2
2755,2026-04-18,FeatureRequest,5.91,4
2758,2026-05-24,Technical,22.32,2
2766,2026-01-23,FeatureRequest,17.46,5
2766,2026-04-06,Account,68.09,1
2766,2026-03-22,Billing,5.18,2
2766,2026-02-13,Technical,33.28,1
2776,2026-05-25,Technical,56.51,1
2776,2026-06-04,FeatureRequest,6.43,3
2776,2026-04-06,Billing,43.29,2
2793,2026-06-24,Billing,5.19,4
2793,2026-06-02,FeatureRequest,7.27,4
2799,2025-11-16,Account,50.96,1
2799,2025-09-30,Account,5.38,4
2804,2025-12-18,Billing,23.14,2
2804,2025-11-23,Technical,37.48,3
2804,2025-12-23,Billing,5.08,2
2804,2025-11-17,Account,67.37,1
2805,2025-11-04,FeatureRequest,6.57,5
2810,2026-04-26,Account,43.01,1
2810,2026-05-15,FeatureRequest,69.44,1
2810,2026-05-07,Account,31.14,3
2812,2025-12-02,Technical,33.13,1
2812,2025-11-25,Billing,40.64,1
2812,2026-01-26,Billing,64.58,3
2815,2025-07-25,Account,4.58,5
2815,2025-07-25,FeatureRequest,8.21,4
2821,2025-10-27,FeatureRequest,12.09,3
2821,2025-10-27,Account,16.68,3
2821,2025-12-23,Billing,40.53,2
2821,2025-12-14,Technical,36.91,1
2825,2025-08-19,Account,1.73,4
2825,2025-08-10,FeatureRequest,61.04,1
2826,2025-10-19,FeatureRequest,34.37,1
2826,2025-10-22,Billing,64.15,1
2826,2025-10-25,Billing,21.41,3
2827,2026-06-05,Technical,7.3,5
2827,2026-05-29,FeatureRequest,0.81,3
2829,2026-02-06,Technical,16.46,1
2829,2026-02-08,FeatureRequest,43.79,1
2829,2026-02-18,Technical,35.51,1
2830,2025-11-27,FeatureRequest,25.98,1
2830,2025-11-26,Account,57.46,1
2830,2025-11-26,Account,18.44,2
2833,2026-03-05,Billing,2.89,4
2839,2026-05-13,FeatureRequest,2.33,4
2846,2026-02-03,FeatureRequest,48.54,2
2846,2026-02-24,Technical,4.34,4
2849,2026-03-23,Billing,7.5,4
2849,2026-05-31,Billing,7.22,4
2853,2026-06-01,FeatureRequest,14.6,4
2853,2026-06-02,Technical,58.8,2
2854,2025-11-12,Technical,48.5,1
2854,2025-12-22,Account,25.13,1
2854,2025-12-29,Billing,5.02,4
2854,2025-10-16,FeatureRequest,1.36,5
2865,2025-09-19,Billing,18.43,2
2865,2025-07-23,Billing,6.49,3
2866,2025-09-17,Billing,58.07,3
2866,2025-09-05,Billing,2.89,5
2871,2025-11-15,Billing,4.09,3
2871,2025-08-06,Billing,20.53,4
2873,2025-11-01,Account,48.35,1
2873,2025-09-16,Billing,44.2,1
2873,2025-09-28,Account,71.41,1
2873,2025-09-21,FeatureRequest,29.52,2
2883,2026-01-17,Technical,1.91,3
2892,2025-12-21,Billing,66.21,2
2892,2025-11-28,Technical,4.53,5
2892,2026-01-30,Billing,8.96,5
2892,2026-01-27,Billing,31.54,1
2895,2025-11-19,Billing,67.5,2
2895,2025-11-18,Account,28.03,3
2895,2025-11-08,Billing,65.86,3
2898,2025-12-18,Technical,4.12,4
2898,2025-09-13,Technical,4.32,4
2900,2026-03-20,Account,4.18,5
2900,2026-06-18,FeatureRequest,8.93,3
2902,2026-05-14,FeatureRequest,58.23,1
2902,2026-04-29,FeatureRequest,29.85,3
2902,2026-04-20,FeatureRequest,39.56,3
2902,2026-05-17,FeatureRequest,54.85,3
2905,2026-05-09,Technical,53.75,1
2905,2026-05-19,Technical,32.14,5
2917,2025-07-27,Account,36.48,1
2917,2025-08-21,Account,35.04,1
2917,2025-08-04,Account,2.49,3
2917,2025-08-04,Account,30.64,4
2920,2026-02-02,Account,67.33,2
2920,2026-02-10,Account,70.75,1
2920,2026-03-01,Billing,29.97,3
2923,2025-11-03,Account,6.94,4
2923,2026-02-23,Technical,1.71,5
2924,2025-09-12,Account,49.64,1
2924,2025-09-06,FeatureRequest,14.65,3
2932,2025-12-27,Account,1.49,5
2932,2025-11-22,Account,69.65,2
2932,2026-01-27,Technical,0.52,5
2940,2026-05-26,Billing,4.54,4
2940,2025-11-07,Account,2.06,5
2949,2025-09-06,Technical,37.45,1
2949,2025-08-06,Account,34.56,2
2949,2025-07-09,Technical,6.84,5
2949,2025-08-31,Technical,56.38,3
2957,2025-09-06,FeatureRequest,64.46,1
2957,2025-09-01,Billing,19.75,2
2958,2026-05-01,Technical,28.73,1
2958,2026-06-27,Technical,5.33,3
2958,2026-06-19,Billing,2.51,5
2958,2026-05-25,Technical,7.9,4
2962,2025-09-18,Account,27.98,1
2962,2025-08-23,FeatureRequest,12.45,4
2962,2025-09-12,Technical,49.88,1
2968,2026-01-20,FeatureRequest,46.74,2
2968,2026-01-25,Account,30.04,1
2972,2026-03-07,FeatureRequest,3.06,4
2972,2026-03-21,FeatureRequest,35.04,3
2972,2026-03-25,Billing,64.16,1
2972,2026-03-11,Technical,37.9,1
2973,2026-05-03,FeatureRequest,3.85,5
2973,2026-04-17,Billing,7.5,4
2993,2025-11-06,Account,0.98,4
2993,2026-06-29,Billing,7.04,5
2994,2026-03-20,Account,10.48,3
2994,2026-06-19,Technical,29.77,5
2996,2026-03-23,Account,5.97,5
2996,2026-03-21,Technical,4.17,5
2996,2026-03-21,FeatureRequest,66.44,2
2996,2026-03-22,Technical,9.27,4
